code_pays,Zone,cluster
202,Afrique du Sud,3
3,Albanie,3
79,Allemagne,3
194,Arabie saoudite,3
11,Autriche,3
57,Bélarus,3
255,Belgique,3
33,Canada,3
96,Chine - RAS de Hong-Kong,3
128,Chine - RAS de Macao,3
98,Croatie,3
54,Danemark,3
225,Emirats arabes unis,3
203,Espagne,3
63,Estonie,3
67,Finlande,3
84,Grèce,3
97,Hongrie,3
104,Irlande,3
99,Islande,3
105,Israël,3
106,Italie,3
110,Japon,3
118,Koweït,3
119,Lettonie,3
126,Lituanie,3
256,Luxembourg,3
134,Malte,3
138,Mexique,3
273,Monténégro,3
162,Norvège,3
150,Pays-Bas,3
173,Pologne,3
174,Portugal,3
183,Roumanie,3
229,Royaume-Uni de Grande-Bretagne et d'Irlande du Nord,3
199,Slovaquie,3
198,Slovénie,3
210,Suède,3
211,Suisse,3
167,Tchéquie,3
237,Viet Nam,3
