code_pays,Zone,cluster
2,Afghanistan,1
4,Algérie,1
7,Angola,1
8,Antigua-et-Barbuda,1
9,Argentine,1
1,Arménie,1
10,Australie,1
52,Azerbaïdjan,1
12,Bahamas,1
16,Bangladesh,1
14,Barbade,1
23,Belize,1
53,Bénin,1
19,Bolivie ,1
80,Bosnie-Herzégovine,1
20,Botswana,1
27,Bulgarie,1
233,Burkina Faso,1
35,Cabo Verde,1
115,Cambodge,1
32,Cameroun,1
40,Chili,1
50,Chypre,1
44,Colombie,1
46,Congo,1
48,Costa Rica,1
107,Côte d'Ivoire,1
49,Cuba,1
72,Djibouti,1
55,Dominique,1
59,Egypte,1
60,El Salvador,1
58,Equateur,1
209,Eswatini,1
238,Ethiopie,1
185,Russie,1
66,Fidji,1
74,Gabon,1
75,Gambie,1
73,Géorgie,1
81,Ghana,1
86,Grenade,1
89,Guatemala,1
90,Guinée,1
175,Guinée-Bissau,1
91,Guyana,1
93,Haïti,1
95,Honduras,1
25,Îles Salomon,1
100,Inde,1
101,Indonésie,1
102,Iran ,1
103,Iraq,1
109,Jamaïque,1
112,Jordanie,1
108,Kazakhstan,1
114,Kenya,1
113,Kirghizistan,1
83,Kiribati,1
122,Lesotho,1
121,Liban,1
123,Libéria,1
154,Macédoine du Nord,1
129,Madagascar,1
131,Malaisie,1
130,Malawi,1
132,Maldives,1
133,Mali,1
143,Maroc,1
137,Maurice,1
136,Mauritanie,1
141,Mongolie,1
144,Mozambique,1
28,Myanmar,1
147,Namibie,1
149,Népal,1
157,Nicaragua,1
158,Niger,1
159,Nigéria,1
153,Nouvelle-Calédonie,1
156,Nouvelle-Zélande,1
221,Oman,1
226,Ouganda,1
235,Ouzbékistan,1
165,Pakistan,1
166,Panama,1
169,Paraguay,1
170,Pérou,1
171,Philippines,1
70,Polynésie française,1
37,République centrafricaine,1
117,République de Corée,1
146,République de Moldova,1
120,République démocratique populaire lao,1
56,République dominicaine,1
116,République populaire démocratique de Corée,1
215,République-Unie de Tanzanie,1
184,Rwanda,1
189,Sainte-Lucie,1
188,Saint-Kitts-et-Nevis,1
191,Saint-Vincent-et-les Grenadines,1
244,Samoa,1
193,Sao Tomé-et-Principe,1
195,Sénégal,1
272,Serbie,1
197,Sierra Leone,1
276,Soudan,1
38,Sri Lanka,1
207,Suriname,1
208,Tadjikistan,1
39,Tchad,1
216,Thaïlande,1
176,Timor-Leste,1
217,Togo,1
220,Trinité-et-Tobago,1
222,Tunisie,1
213,Turkménistan,1
223,Turquie,1
230,Ukraine,1
234,Uruguay,1
155,Vanuatu,1
236,Venezuela (République bolivarienne du),1
249,Yémen,1
251,Zambie,1
181,Zimbabwe,1
